,Subuh,Syuruk,Zohor,Asar,Maghrib,Isyak
01-01-2024 ,E,C,B,B,A,A
02-01-2024 ,E,C,B,B,A,A
03-01-2024 ,E,C,B,B,A,A
04-01-2024 ,E,C,B,B,A,A
05-01-2024 ,E,C,B,B,A,A
06-01-2024 ,E,C,B,B,A,A
07-01-2024 ,E,C,B,B,A,A
08-01-2024 ,E,C,B,B,A,A
09-01-2024 ,E,C,B,B,A,A
10-01-2024 ,E,C,B,B,A,A
11-01-2024 ,E,C,B,B,A,A
12-01-2024 ,E,C,B,B,A,A
13-01-2024 ,E,C,B,B,A,A
14-01-2024 ,E,C,B,B,A,A
15-01-2024 ,E,C,B,B,A,A
16-01-2024 ,E,C,B,B,A,A
17-01-2024 ,E,C,B,B,A,A
18-01-2024 ,E,C,B,B,A,A
19-01-2024 ,E,C,B,B,A,B
20-01-2024 ,E,C,B,B,A,B
21-01-2024 ,E,C,B,B,A,B
22-01-2024 ,E,C,B,B,B,B
23-01-2024 ,E,C,B,B,B,B
24-01-2024 ,E,C,B,B,B,B
25-01-2024 ,E,C,B,B,B,B
26-01-2024 ,E,C,B,B,B,B
27-01-2024 ,E,C,B,B,B,B
28-01-2024 ,E,C,B,B,B,B
29-01-2024 ,E,C,B,B,B,B
30-01-2024 ,E,C,B,B,B,B
31-01-2024 ,E,C,B,B,B,B
01-02-2024 ,E,C,B,B,B,B
02-02-2024 ,E,C,B,B,B,B
03-02-2024 ,E,C,B,B,B,B
04-02-2024 ,E,C,B,B,B,B
05-02-2024 ,E,C,B,B,B,B
06-02-2024 ,E,C,B,B,B,B
07-02-2024 ,E,C,B,B,B,B
08-02-2024 ,E,C,B,B,B,B
09-02-2024 ,E,C,B,B,B,B
10-02-2024 ,E,C,B,B,B,B
11-02-2024 ,E,C,B,E,B,B
12-02-2024 ,E,C,B,E,B,B
13-02-2024 ,E,C,B,E,B,B
14-02-2024 ,E,C,B,E,B,B
15-02-2024 ,E,C,B,E,B,B
16-02-2024 ,E,C,B,E,B,B
17-02-2024 ,E,C,B,E,B,B
18-02-2024 ,E,C,B,E,B,B
19-02-2024 ,E,C,B,E,B,B
20-02-2024 ,E,C,B,E,B,B
21-02-2024 ,E,C,B,E,B,B
22-02-2024 ,E,C,B,E,B,B
23-02-2024 ,E,C,B,E,B,B
24-02-2024 ,E,C,B,E,B,B
25-02-2024 ,E,C,B,E,B,B
26-02-2024 ,E,C,B,E,B,B
27-02-2024 ,E,C,B,E,B,B
28-02-2024 ,E,C,B,E,B,B
29-02-2024 ,E,C,B,E,B,B
01-03-2024 ,E,C,B,E,B,B
02-03-2024 ,E,C,B,E,B,B
03-03-2024 ,E,C,B,E,B,B
04-03-2024 ,E,C,B,E,B,B
05-03-2024 ,E,C,B,E,B,B
06-03-2024 ,E,C,B,E,B,B
07-03-2024 ,E,C,B,E,B,B
08-03-2024 ,E,C,B,E,B,B
09-03-2024 ,E,C,B,E,B,B
10-03-2024 ,E,C,B,E,B,B
11-03-2024 ,E,D,B,E,B,B
12-03-2024 ,E,D,B,E,B,B
13-03-2024 ,E,D,B,E,B,B
14-03-2024 ,B,D,B,E,B,B
15-03-2024 ,B,D,B,E,B,B
16-03-2024 ,B,D,B,E,B,B
17-03-2024 ,B,D,B,E,B,B
18-03-2024 ,B,D,B,E,B,B
19-03-2024 ,B,D,B,E,B,E
20-03-2024 ,B,D,B,E,B,E
21-03-2024 ,B,D,B,E,B,E
22-03-2024 ,B,D,B,E,B,E
23-03-2024 ,B,D,B,E,E,E
24-03-2024 ,B,D,B,E,E,E
25-03-2024 ,B,D,B,E,E,E
26-03-2024 ,B,D,B,E,E,E
27-03-2024 ,B,D,B,E,E,E
28-03-2024 ,B,D,B,E,E,E
29-03-2024 ,B,D,B,E,E,E
30-03-2024 ,B,D,B,E,E,E
31-03-2024 ,B,D,B,E,E,E
01-04-2024 ,B,D,B,E,E,E
02-04-2024 ,B,D,B,E,E,E
03-04-2024 ,B,D,B,A,E,E
04-04-2024 ,B,D,B,A,E,E
05-04-2024 ,B,D,B,A,E,E
06-04-2024 ,B,D,B,A,E,E
07-04-2024 ,B,D,B,A,E,E
08-04-2024 ,B,D,B,A,E,E
09-04-2024 ,B,D,B,A,E,E
10-04-2024 ,B,D,B,A,E,E
11-04-2024 ,B,D,B,B,E,E
12-04-2024 ,B,D,B,B,E,E
13-04-2024 ,B,D,B,B,E,E
14-04-2024 ,B,D,B,B,E,E
15-04-2024 ,B,D,B,B,E,E
16-04-2024 ,B,D,B,B,E,E
17-04-2024 ,B,D,B,B,E,E
18-04-2024 ,B,D,B,B,E,E
19-04-2024 ,B,D,B,B,E,E
20-04-2024 ,B,D,B,B,E,E
21-04-2024 ,B,D,B,B,E,E
22-04-2024 ,B,D,B,B,E,E
23-04-2024 ,B,D,B,B,E,E
24-04-2024 ,B,D,B,B,E,E
25-04-2024 ,B,D,B,B,E,E
26-04-2024 ,B,D,B,B,E,E
27-04-2024 ,B,D,B,B,E,E
28-04-2024 ,B,D,B,B,E,E
29-04-2024 ,B,D,B,B,E,E
30-04-2024 ,B,D,B,B,E,E
01-05-2024 ,B,D,B,B,E,E
02-05-2024 ,B,D,B,B,E,E
03-05-2024 ,B,D,B,B,E,E
04-05-2024 ,B,D,B,B,E,E
05-05-2024 ,B,D,B,B,E,E
06-05-2024 ,B,D,B,B,E,E
07-05-2024 ,B,D,B,B,E,E
08-05-2024 ,A,D,B,B,E,E
09-05-2024 ,A,D,B,B,E,E
10-05-2024 ,A,D,B,B,E,E
11-05-2024 ,A,D,B,B,E,E
12-05-2024 ,A,D,B,B,E,E
13-05-2024 ,A,D,B,B,E,E
14-05-2024 ,A,D,B,B,E,E
15-05-2024 ,A,D,B,B,E,E
16-05-2024 ,A,D,B,B,E,E
17-05-2024 ,A,D,B,B,E,E
18-05-2024 ,A,D,B,B,E,E
19-05-2024 ,A,D,B,B,E,E
20-05-2024 ,A,D,B,B,E,E
21-05-2024 ,A,D,B,B,E,E
22-05-2024 ,A,D,B,B,E,E
23-05-2024 ,A,D,B,B,E,E
24-05-2024 ,A,D,B,B,E,E
25-05-2024 ,A,D,B,B,E,E
26-05-2024 ,A,D,B,B,E,E
27-05-2024 ,A,D,B,B,E,E
28-05-2024 ,A,D,B,B,E,E
29-05-2024 ,A,D,B,B,E,E
30-05-2024 ,A,D,B,B,E,E
31-05-2024 ,A,D,B,B,E,E
01-06-2024 ,A,D,B,B,E,E
02-06-2024 ,A,D,B,B,E,E
03-06-2024 ,A,D,B,B,E,E
04-06-2024 ,A,D,B,B,E,E
05-06-2024 ,A,D,B,B,E,E
06-06-2024 ,A,D,B,B,E,E
07-06-2024 ,A,D,B,B,E,E
08-06-2024 ,A,D,B,B,E,E
09-06-2024 ,A,D,B,E,E,E
10-06-2024 ,A,D,B,E,E,E
11-06-2024 ,A,D,B,E,E,E
12-06-2024 ,A,D,B,E,E,E
13-06-2024 ,A,D,B,E,E,E
14-06-2024 ,A,D,B,E,E,E
15-06-2024 ,A,D,B,E,E,E
16-06-2024 ,A,D,B,E,E,E
17-06-2024 ,A,D,B,E,E,E
18-06-2024 ,A,D,B,E,E,E
19-06-2024 ,A,D,B,E,E,E
20-06-2024 ,A,D,B,E,E,E
21-06-2024 ,A,D,B,E,E,E
22-06-2024 ,A,D,B,E,E,E
23-06-2024 ,A,D,B,E,E,E
24-06-2024 ,A,D,B,E,E,E
25-06-2024 ,A,D,B,E,E,E
26-06-2024 ,A,D,B,E,E,E
27-06-2024 ,A,D,B,E,E,E
28-06-2024 ,A,D,B,E,E,E
29-06-2024 ,A,D,B,E,E,E
30-06-2024 ,A,D,B,E,E,E
01-07-2024 ,A,D,B,E,E,E
02-07-2024 ,A,D,B,E,E,E
03-07-2024 ,A,D,B,B,E,E
04-07-2024 ,A,D,B,B,E,E
05-07-2024 ,A,D,B,B,E,E
06-07-2024 ,A,D,B,B,E,E
07-07-2024 ,A,D,B,B,E,E
08-07-2024 ,A,D,B,B,E,E
09-07-2024 ,A,D,B,B,E,E
10-07-2024 ,A,D,B,B,E,E
11-07-2024 ,A,D,B,B,E,E
12-07-2024 ,A,D,B,B,E,E
13-07-2024 ,A,D,B,B,E,E
14-07-2024 ,A,D,B,B,E,E
15-07-2024 ,A,D,B,B,E,E
16-07-2024 ,A,D,B,B,E,E
17-07-2024 ,A,D,B,B,E,E
18-07-2024 ,A,D,B,B,E,E
19-07-2024 ,A,D,B,B,E,E
20-07-2024 ,A,D,B,B,E,E
21-07-2024 ,A,D,B,B,E,E
22-07-2024 ,A,D,B,B,E,E
23-07-2024 ,A,D,B,B,E,E
24-07-2024 ,A,D,B,B,E,E
25-07-2024 ,A,D,B,B,E,E
26-07-2024 ,A,D,B,B,E,E
27-07-2024 ,A,D,B,B,E,E
28-07-2024 ,A,D,B,B,E,E
29-07-2024 ,A,D,B,B,E,E
30-07-2024 ,A,D,B,B,E,E
31-07-2024 ,A,D,B,B,E,E
01-08-2024 ,A,D,B,B,E,E
02-08-2024 ,A,D,B,B,E,E
03-08-2024 ,A,D,B,B,E,E
04-08-2024 ,A,D,B,B,E,E
05-08-2024 ,B,D,B,B,E,E
06-08-2024 ,B,D,B,B,E,E
07-08-2024 ,B,D,B,B,E,E
08-08-2024 ,B,D,B,B,E,E
09-08-2024 ,B,D,B,B,E,E
10-08-2024 ,B,D,B,B,E,E
11-08-2024 ,B,D,B,B,E,E
12-08-2024 ,B,D,B,B,E,E
13-08-2024 ,B,D,B,B,E,E
14-08-2024 ,B,D,B,B,E,E
15-08-2024 ,B,D,B,B,E,E
16-08-2024 ,B,D,B,B,E,E
17-08-2024 ,B,D,B,B,E,E
18-08-2024 ,B,D,B,B,E,E
19-08-2024 ,B,D,B,B,E,E
20-08-2024 ,B,D,B,B,E,E
21-08-2024 ,B,D,B,B,E,E
22-08-2024 ,B,D,B,B,E,E
23-08-2024 ,B,D,B,B,E,E
24-08-2024 ,B,D,B,B,E,E
25-08-2024 ,B,D,B,B,E,E
26-08-2024 ,B,D,B,B,E,E
27-08-2024 ,B,D,B,B,E,E
28-08-2024 ,B,D,B,B,E,E
29-08-2024 ,B,D,B,B,E,E
30-08-2024 ,B,D,B,B,E,E
31-08-2024 ,B,D,B,A,E,E
01-09-2024 ,B,D,B,A,E,E
02-09-2024 ,B,D,B,A,E,E
03-09-2024 ,B,D,B,A,E,E
04-09-2024 ,B,D,B,A,E,E
05-09-2024 ,B,D,B,A,E,E
06-09-2024 ,B,D,B,A,E,E
07-09-2024 ,B,D,B,A,E,E
08-09-2024 ,B,D,B,A,E,E
09-09-2024 ,B,D,B,E,E,E
10-09-2024 ,B,D,B,E,E,E
11-09-2024 ,B,D,B,E,E,E
12-09-2024 ,B,D,B,E,E,E
13-09-2024 ,B,D,B,E,E,E
14-09-2024 ,B,D,B,E,E,E
15-09-2024 ,B,D,B,E,E,E
16-09-2024 ,B,D,B,E,E,E
17-09-2024 ,B,D,B,E,E,E
18-09-2024 ,B,D,B,E,E,E
19-09-2024 ,B,D,B,E,E,E
20-09-2024 ,B,D,B,E,B,E
21-09-2024 ,B,D,B,E,B,E
22-09-2024 ,B,D,B,E,B,E
23-09-2024 ,B,D,B,E,B,E
24-09-2024 ,B,D,B,E,B,B
25-09-2024 ,B,D,B,E,B,B
26-09-2024 ,B,D,B,E,B,B
27-09-2024 ,B,D,B,E,B,B
28-09-2024 ,B,D,B,E,B,B
29-09-2024 ,B,D,B,E,B,B
30-09-2024 ,E,D,B,E,B,B
01-10-2024 ,E,D,B,E,B,B
02-10-2024 ,E,D,B,E,B,B
03-10-2024 ,E,C,B,E,B,B
04-10-2024 ,E,C,B,E,B,B
05-10-2024 ,E,C,B,E,B,B
06-10-2024 ,E,C,B,E,B,B
07-10-2024 ,E,C,B,E,B,B
08-10-2024 ,E,C,B,E,B,B
09-10-2024 ,E,C,B,E,B,B
10-10-2024 ,E,C,B,E,B,B
11-10-2024 ,E,C,B,E,B,B
12-10-2024 ,E,C,B,E,B,B
13-10-2024 ,E,C,B,E,B,B
14-10-2024 ,E,C,B,E,B,B
15-10-2024 ,E,C,B,E,B,B
16-10-2024 ,E,C,B,E,B,B
17-10-2024 ,E,C,B,E,B,B
18-10-2024 ,E,C,B,E,B,B
19-10-2024 ,E,C,B,E,B,B
20-10-2024 ,E,C,B,E,B,B
21-10-2024 ,E,C,B,E,B,B
22-10-2024 ,E,C,B,E,B,B
23-10-2024 ,E,C,B,E,B,B
24-10-2024 ,E,C,B,E,B,B
25-10-2024 ,E,C,B,E,B,B
26-10-2024 ,E,C,B,E,B,B
27-10-2024 ,E,C,B,E,B,B
28-10-2024 ,E,C,B,E,B,B
29-10-2024 ,E,C,B,E,B,B
30-10-2024 ,E,C,B,E,B,B
31-10-2024 ,E,C,B,E,B,B
01-11-2024 ,E,C,B,B,B,B
02-11-2024 ,E,C,B,B,B,B
03-11-2024 ,E,C,B,B,B,B
04-11-2024 ,E,C,B,B,B,B
05-11-2024 ,E,C,B,B,B,B
06-11-2024 ,E,C,B,B,B,B
07-11-2024 ,E,C,B,B,B,B
08-11-2024 ,E,C,B,B,B,B
09-11-2024 ,E,C,B,B,B,B
10-11-2024 ,E,C,B,B,B,B
11-11-2024 ,E,C,B,B,B,B
12-11-2024 ,E,C,B,B,B,B
13-11-2024 ,E,C,B,B,B,B
14-11-2024 ,E,C,B,B,B,B
15-11-2024 ,E,C,B,B,B,B
16-11-2024 ,E,C,B,B,B,B
17-11-2024 ,E,C,B,B,B,B
18-11-2024 ,E,C,B,B,B,B
19-11-2024 ,E,C,B,B,B,B
20-11-2024 ,E,C,B,B,B,B
21-11-2024 ,E,C,B,B,A,B
22-11-2024 ,E,C,B,B,A,B
23-11-2024 ,E,C,B,B,A,A
24-11-2024 ,E,C,B,B,A,A
25-11-2024 ,E,C,B,B,A,A
26-11-2024 ,E,C,B,B,A,A
27-11-2024 ,E,C,B,B,A,A
28-11-2024 ,E,C,B,B,A,A
29-11-2024 ,E,C,B,B,A,A
30-11-2024 ,E,C,B,B,A,A
01-12-2024 ,E,C,B,B,A,A
02-12-2024 ,E,C,B,B,A,A
03-12-2024 ,E,C,B,B,A,A
04-12-2024 ,E,C,B,B,A,A
05-12-2024 ,E,C,B,B,A,A
06-12-2024 ,E,C,B,B,A,A
07-12-2024 ,E,C,B,B,A,A
08-12-2024 ,E,C,B,B,A,A
09-12-2024 ,E,C,B,B,A,A
10-12-2024 ,E,C,B,B,A,A
11-12-2024 ,E,C,B,B,A,A
12-12-2024 ,E,C,B,B,A,A
13-12-2024 ,E,C,B,B,A,A
14-12-2024 ,E,C,B,B,A,A
15-12-2024 ,E,C,B,B,A,A
16-12-2024 ,E,C,B,B,A,A
17-12-2024 ,E,C,B,B,A,A
18-12-2024 ,E,C,B,B,A,A
19-12-2024 ,E,C,B,B,A,A
20-12-2024 ,E,C,B,B,A,A
21-12-2024 ,E,C,B,B,A,A
22-12-2024 ,E,C,B,B,A,A
23-12-2024 ,E,C,B,B,A,A
24-12-2024 ,E,C,B,B,A,A
25-12-2024 ,E,C,B,B,A,A
26-12-2024 ,E,C,B,B,A,A
27-12-2024 ,E,C,B,B,A,A
28-12-2024 ,E,C,B,B,A,A
29-12-2024 ,E,C,B,B,A,A
30-12-2024 ,E,C,B,B,A,A
31-12-2024 ,E,C,B,B,A,A
